variable,value
A,88
A,75
A,8
A,81
A,29
A,67
A,25
A,42
A,10
A,40
A,29
A,85
A,93
A,29
A,82
A,36
A,25
A,18
A,68
A,78
A,22
A,74
A,53
A,56
A,93
A,45
A,10
A,18
A,21
A,49
A,15
A,28
A,31
A,39
A,47
A,5
A,83
A,69
A,91
A,45
A,100
A,90
A,42
A,71
A,55
A,95
A,27
A,43
A,14
A,35
A,39
A,43
A,31
A,40
A,54
A,50
A,32
A,58
A,45
A,78
A,91
A,21
A,38
A,11
A,75
A,82
A,28
A,24
A,87
A,64
A,32
A,65
A,6
A,59
A,76
A,97
A,10
A,51
A,61
A,22
A,88
A,27
A,69
A,98
A,97
A,36
A,10
A,100
A,42
A,40
A,94
A,77
A,22
A,16
A,7
A,50
A,54
A,67
A,81
A,32
A,14
A,32
A,22
A,20
A,63
A,29
A,2
A,8
A,1
A,14
A,80
A,95
A,36
A,13
A,2
A,34
A,29
A,69
A,53
A,53
A,96
A,29
A,75
A,43
A,36
A,39
A,85
A,9
A,23
A,5
A,57
A,75
A,74
A,78
A,47
A,72
A,24
A,48
A,39
A,6
A,60
A,86
A,95
A,44
A,29
A,66
A,65
A,17
A,18
A,73
A,45
A,62
A,46
A,0
A,8
A,37
A,85
A,80
A,44
A,4
A,98
A,76
A,82
A,62
A,39
A,88
A,96
A,90
A,84
A,70
A,29
A,30
A,2
A,80
A,2
A,73
A,36
A,43
A,40
A,17
A,26
A,6
A,65
A,79
A,33
A,78
A,96
A,7
A,38
A,51
A,49
A,76
A,64
A,13
A,13
A,22
A,4
A,86
A,89
A,34
A,19
A,29
A,28
A,37
A,37
A,17
A,50
A,28
A,76
A,99
A,86
A,73
A,12
A,58
A,42
A,6
A,4
A,76
A,97
A,35
A,67
A,24
A,44
A,92
A,24
A,14
A,58
A,29
A,16
A,83
A,14
A,38
A,65
A,61
A,45
A,96
A,50
A,70
A,62
A,31
A,46
A,85
A,13
A,39
A,66
A,30
A,63
A,52
A,32
A,10
A,46
A,23
A,80
A,49
A,61
A,74
A,91
A,55
A,27
A,94
A,28
A,95
A,97
A,8
A,94
A,99
A,28
A,11
A,89
A,59
A,55
A,51
A,90
A,9
A,20
A,40
A,43
A,46
A,10
A,56
A,20
A,26
A,12
A,54
A,80
A,44
A,52
A,7
A,74
A,16
A,0
A,47
A,19
A,35
A,60
A,52
A,68
A,30
A,0
A,36
A,20
A,3
A,43
A,82
A,61
A,54
A,21
A,75
A,93
A,43
A,52
A,52
A,61
A,36
A,49
A,31
A,18
A,75
A,93
A,19
A,75
A,34
A,50
A,49
A,97
A,25
A,37
A,43
A,12
A,15
A,45
A,61
A,14
A,18
A,71
A,15
A,22
A,1
A,98
A,48
A,79
A,57
A,28
A,54
A,63
A,3
A,67
A,30
A,78
A,98
A,59
A,18
A,21
A,58
A,30
A,16
A,71
A,4
A,82
A,16
A,87
A,23
A,78
A,99
A,40
A,27
A,4
A,68
A,89
A,44
A,79
A,29
A,85
A,73
A,25
A,4
A,57
A,23
A,6
A,40
A,90
A,15
A,25
A,30
A,10
A,57
A,67
A,36
A,55
A,32
A,52
A,10
A,67
A,60
A,6
A,88
A,61
A,41
A,63
A,89
A,84
A,86
A,73
A,20
A,5
A,21
A,46
A,89
A,58
A,79
A,81
A,95
A,42
A,22
A,6
A,71
A,62
A,48
A,98
A,45
A,34
A,75
A,1
A,71
A,67
A,68
A,95
A,11
A,93
A,30
A,92
A,94
A,97
A,38
A,85
A,3
A,28
A,84
A,45
A,34
A,26
A,54
A,7
A,2
A,24
A,83
A,73
A,37
A,63
A,31
A,50
A,82
A,46
A,32
A,58
A,3
A,26
A,38
A,35
A,56
A,66
A,84
A,28
A,52
A,14
A,86
A,51
A,66
A,42
A,33
A,1
A,12
A,56
A,72
A,39
A,0
A,24
A,22
A,47
A,41
A,93
A,84
A,99
A,45
A,26
A,28
A,61
A,86
A,20
A,26
A,100
A,57
A,14
A,8
A,42
A,36
A,97
A,82
A,38
A,53
A,25
A,65
A,37
A,1
A,89
A,85
A,78
A,27
A,66
A,49
A,2
A,31
A,32
A,73
A,63
A,82
A,19
A,43
A,32
A,42
A,52
A,73
A,35
A,36
A,10
A,42
A,7
A,31
A,25
A,69
A,90
A,48
A,92
A,64
A,81
A,17
A,91
A,70
A,67
A,77
A,38
A,25
A,71
A,61
A,34
A,100
A,7
A,16
A,94
A,50
A,19
A,23
A,52
A,30
A,82
A,35
A,90
A,76
A,93
A,6
A,73
A,100
A,58
A,22
A,52
A,83
A,50
A,46
A,91
A,74
A,84
A,45
A,15
A,70
A,5
A,54
A,99
A,51
A,53
A,76
A,11
A,7
A,14
A,56
A,68
A,95
A,30
A,30
A,65
A,27
A,30
A,10
A,31
A,69
A,26
A,86
A,55
A,69
A,27
A,100
A,84
A,24
A,73
A,16
A,0
A,10
A,70
A,65
A,84
A,42
A,30
A,32
A,67
A,12
A,15
A,30
A,26
A,47
A,25
A,24
A,77
A,38
A,39
A,9
A,4
A,45
A,68
A,46
A,6
A,45
A,31
A,15
A,38
A,79
A,14
A,70
A,28
A,14
A,21
A,35
A,72
A,40
A,22
A,97
A,38
A,10
A,51
A,97
A,33
A,86
A,25
A,28
A,87
A,3
A,12
A,56
A,81
A,89
A,80
A,81
A,57
A,21
A,96
A,51
A,92
A,66
A,29
A,95
A,51
A,12
A,26
A,43
A,56
A,10
A,2
A,24
A,41
A,9
A,64
A,45
A,70
A,80
A,64
A,100
A,47
A,24
A,34
A,52
A,9
A,88
A,96
A,2
A,65
A,68
A,81
A,61
A,7
A,25
A,85
A,97
A,75
A,31
A,83
A,30
A,62
A,98
A,7
A,13
A,68
A,94
A,62
A,50
A,84
A,56
A,92
A,90
A,5
A,7
A,90
A,98
A,15
A,11
A,24
A,61
A,50
A,63
A,63
A,82
A,24
A,49
A,42
A,89
A,48
A,89
A,50
A,93
A,7
A,50
A,17
A,99
A,28
A,43
A,85
A,11
A,95
A,9
A,80
A,44
A,44
A,18
A,88
A,69
A,82
A,70
A,50
A,84
A,90
A,55
A,94
A,97
A,80
A,41
A,69
A,61
A,15
A,58
A,91
A,92
A,95
A,56
A,67
A,6
A,17
A,67
A,86
A,33
A,70
A,71
A,4
A,10
A,0
A,58
A,41
A,56
A,29
A,82
A,57
A,69
A,37
A,65
A,7
A,65
A,89
A,0
A,81
A,21
A,19
A,93
A,84
A,27
A,78
A,42
A,19
A,55
A,36
A,84
A,77
A,15
A,81
A,40
A,61
A,21
A,75
A,90
A,96
A,70
A,88
A,67
A,2
A,56
A,89
A,24
A,61
A,46
A,53
A,40
A,91
A,91
A,48
A,42
A,76
A,95
A,9
A,76
A,41
A,96
A,32
A,96
A,6
A,84
A,20
A,96
A,6
A,90
A,45
A,14
A,60
A,78
A,71
A,52
A,72
A,69
A,64
A,55
A,83
A,20
A,83
A,20
A,44
A,36
A,37
A,23
A,86
A,3
A,82
A,32
A,26
A,29
A,87
A,24
A,54
A,92
A,61
A,76
A,49
A,31
A,10
A,51
A,12
A,43
A,49
A,63
A,36
A,84
A,62
A,5
A,32
A,28
A,69
A,70
A,88
A,24
A,77
A,30
A,60
A,63
A,82
A,50
A,70
A,79
A,62
A,8
A,78
A,74
A,49
A,43
A,70
A,11
A,16
A,99
A,92
A,17
A,10
A,55
A,75
A,32
A,43
A,43
A,97
A,57
A,79
A,6
A,35
A,89
A,54
A,11
A,94
A,30
A,39
A,33
A,79
A,22
A,39
A,74
A,80
A,90
A,78
A,66
A,79
A,28
A,77
A,73
A,96
A,82
A,1
A,74
A,90
A,36
A,32
A,17
A,25
A,99
A,90
A,91
A,5
A,40
A,6
A,75
A,29
A,26
A,9
A,25
A,44
A,51
A,89
A,46
A,43
A,87
A,95
A,15
A,3
A,22
A,24
A,39
A,19
A,51
A,20
A,70
A,2
A,63
A,94
A,25
A,18
A,83
A,23
A,51
A,20
A,92
A,63
A,79
A,28
A,2
A,40
A,94
A,44
A,22
A,7
A,18
A,49
A,28
B,41
B,94
B,16
B,57
B,95
B,15
B,4
B,87
B,8
B,71
B,68
B,71
B,40
B,58
B,28
B,0
B,44
B,20
B,99
B,15
B,59
B,99
B,73
B,45
B,43
B,20
B,46
B,24
B,10
B,73
B,9
B,69
B,79
B,7
B,90
B,44
B,91
B,15
B,41
B,30
B,93
B,94
B,14
B,4
B,20
B,80
B,19
B,83
B,8
B,1
B,11
B,12
B,77
B,43
B,42
B,49
B,26
B,74
B,36
B,13
B,68
B,42
B,27
B,77
B,31
B,80
B,24
B,74
B,35
B,67
B,33
B,31
B,0
B,71
B,48
B,78
B,58
B,26
B,100
B,22
B,59
B,62
B,75
B,42
B,80
B,53
B,56
B,93
B,73
B,68
B,55
B,94
B,12
B,11
B,35
B,80
B,56
B,53
B,97
B,65
B,43
B,5
B,57
B,39
B,70
B,99
B,30
B,15
B,66
B,78
B,85
B,6
B,23
B,67
B,8
B,55
B,81
B,59
B,51
B,15
B,63
B,7
B,46
B,41
B,81
B,20
B,73
B,45
B,1
B,60
B,85
B,18
B,72
B,56
B,83
B,93
B,52
B,19
B,48
B,34
B,72
B,5
B,41
B,77
B,57
B,93
B,32
B,100
B,0
B,94
B,97
B,82
B,29
B,25
B,3
B,67
B,96
B,3
B,75
B,43
B,32
B,52
B,54
B,14
B,42
B,52
B,0
B,18
B,8
B,40
B,68
B,29
B,81
B,8
B,72
B,82
B,34
B,79
B,36
B,2
B,66
B,43
B,95
B,10
B,21
B,7
B,97
B,92
B,10
B,15
B,91
B,54
B,70
B,28
B,75
B,75
B,82
B,87
B,99
B,52
B,23
B,87
B,92
B,53
B,74
B,81
B,61
B,70
B,75
B,80
B,26
B,37
B,21
B,96
B,48
B,81
B,78
B,41
B,11
B,83
B,88
B,36
B,85
B,10
B,75
B,25
B,3
B,81
B,55
B,86
B,38
B,35
B,57
B,37
B,27
B,29
B,74
B,29
B,65
B,24
B,78
B,57
B,80
B,43
B,100
B,97
B,16
B,10
B,49
B,59
B,22
B,17
B,99
B,17
B,15
B,82
B,30
B,26
B,48
B,79
B,57
B,28
B,11
B,8
B,76
B,44
B,76
B,30
B,27
B,96
B,80
B,76
B,87
B,39
B,99
B,62
B,51
B,71
B,72
B,79
B,83
B,37
B,25
B,72
B,23
B,36
B,12
B,34
B,91
B,52
B,34
B,100
B,17
B,81
B,11
B,40
B,4
B,50
B,68
B,75
B,39
B,56
B,88
B,38
B,39
B,19
B,22
B,78
B,84
B,5
B,34
B,17
B,92
B,70
B,31
B,16
B,1
B,92
B,32
B,15
B,95
B,26
B,35
B,98
B,11
B,96
B,1
B,47
B,93
B,3
B,35
B,53
B,70
B,46
B,78
B,72
B,12
B,11
B,8
B,64
B,70
B,91
B,58
B,99
B,90
B,19
B,88
B,64
B,60
B,22
B,72
B,30
B,38
B,36
B,57
B,89
B,87
B,60
B,37
B,63
B,30
B,24
B,95
B,78
B,49
B,8
B,7
B,71
B,19
B,85
B,90
B,11
B,43
B,26
B,53
B,85
B,44
B,46
B,6
B,63
B,79
B,53
B,32
B,55
B,91
B,45
B,22
B,41
B,73
B,75
B,32
B,38
B,46
B,79
B,92
B,69
B,66
B,63
B,81
B,20
B,77
B,74
B,88
B,60
B,54
B,86
B,4
B,89
B,10
B,74
B,27
B,97
B,80
B,94
B,85
B,90
B,2
B,23
B,49
B,89
B,67
B,56
B,96
B,68
B,4
B,17
B,63
B,54
B,28
B,37
B,35
B,2
B,25
B,3
B,86
B,78
B,45
B,51
B,24
B,78
B,45
B,65
B,84
B,90
B,77
B,8
B,50
B,25
B,1
B,65
B,3
B,89
B,16
B,97
B,86
B,78
B,27
B,58
B,68
B,55
B,60
B,57
B,14
B,46
B,2
B,3
B,52
B,44
B,80
B,53
B,17
B,89
B,22
B,25
B,74
B,77
B,54
B,63
B,73
B,14
B,53
B,10
B,26
B,86
B,82
B,93
B,2
B,12
B,6
B,8
B,45
B,64
B,96
B,72
B,9
B,77
B,29
B,74
B,30
B,85
B,11
B,53
B,27
B,43
B,49
B,13
B,16
B,47
B,67
B,84
B,90
B,79
B,73
B,33
B,48
B,22
B,11
B,0
B,76
B,28
B,44
B,39
B,40
B,95
B,63
B,70
B,2
B,72
B,78
B,26
B,19
B,44
B,23
B,32
B,89
B,66
B,6
B,100
B,76
B,99
B,62
B,78
B,24
B,3
B,29
B,7
B,35
B,61
B,44
B,32
B,81
B,50
B,95
B,55
B,87
B,25
B,67
B,73
B,52
B,8
B,24
B,52
B,66
B,24
B,89
B,53
B,1
B,58
B,54
B,81
B,50
B,23
B,30
B,34
B,34
B,75
B,32
B,73
B,16
B,80
B,94
B,60
B,57
B,97
B,97
B,100
B,45
B,38
B,26
B,28
B,23
B,84
B,26
B,72
B,63
B,12
B,34
B,67
B,39
B,14
B,19
B,69
B,34
B,29
B,4
B,64
B,13
B,81
B,90
B,31
B,21
B,29
B,64
B,12
B,40
B,61
B,95
B,79
B,56
B,80
B,2
B,61
B,9
B,57
B,26
B,12
B,21
B,100
B,48
B,25
B,59
B,95
B,89
B,57
B,76
B,72
B,10
B,63
B,21
B,33
B,39
B,10
B,89
B,37
B,86
B,2
B,54
B,68
B,58
B,34
B,90
B,45
B,14
B,39
B,75
B,45
B,14
B,99
B,97
B,31
B,31
B,23
B,70
B,87
B,36
B,83
B,37
B,33
B,7
B,57
B,87
B,60
B,98
B,73
B,78
B,54
B,44
B,55
B,39
B,80
B,40
B,16
B,60
B,1
B,18
B,33
B,28
B,57
B,9
B,93
B,51
B,3
B,39
B,95
B,67
B,90
B,37
B,14
B,41
B,63
B,13
B,54
B,51
B,54
B,19
B,83
B,79
B,81
B,17
B,10
B,56
B,20
B,35
B,11
B,59
B,18
B,98
B,53
B,50
B,58
B,81
B,74
B,50
B,66
B,67
B,47
B,82
B,69
B,60
B,13
B,14
B,40
B,45
B,22
B,99
B,48
B,8
B,88
B,29
B,98
B,48
B,15
B,86
B,32
B,65
B,3
B,37
B,19
B,23
B,20
B,36
B,93
B,13
B,93
B,59
B,17
B,61
B,10
B,78
B,76
B,89
B,24
B,1
B,43
B,4
B,12
B,100
B,47
B,51
B,59
B,58
B,43
B,36
B,87
B,67
B,9
B,19
B,83
B,82
B,10
B,94
B,14
B,68
B,99
B,8
B,90
B,50
B,29
B,69
B,25
B,50
B,28
B,96
B,27
B,32
B,95
B,74
B,73
B,57
B,31
B,56
B,95
B,29
B,71
B,57
B,9
B,11
B,48
B,10
B,85
B,83
B,82
B,49
B,14
B,82
B,26
B,38
B,2
B,57
B,97
B,33
B,72
B,93
B,53
B,78
B,23
B,88
B,61
B,25
B,36
B,95
B,58
B,41
B,52
B,74
B,11
B,61
B,76
B,41
B,79
B,91
B,26
B,77
B,58
B,52
B,44
B,34
B,61
B,41
B,49
B,24
B,81
B,0
B,68
B,55
B,57
B,99
B,24
B,90
B,7
B,46
B,63
B,13
B,100
B,4
B,94
B,18
B,48
B,3
B,67
B,27
B,62
B,69
B,56
B,67
B,38
B,31
B,53
B,42
B,71
B,50
B,61
B,50
B,59
B,20
B,29
B,30
B,62
B,57
B,91
B,33
B,70
B,33
B,38
B,96
B,99
B,25
B,20
B,64
B,92
B,79
B,42
B,54
B,57
B,32
B,64
B,40
B,85
B,83
B,42
B,49
B,82
B,70
B,93
B,60
B,72
B,43
B,14
B,56
B,88
B,30
B,95
B,12
B,25
B,97
B,100
B,14
B,37
B,71
B,9
B,47
B,70
B,90
B,86
B,40
B,63
B,90
B,38
B,57
B,9
B,86
B,45
B,7
B,78
B,81
B,83
B,73
B,16
B,39
B,93
B,34
B,77
B,21
B,87
B,87
B,88
B,82
B,95
B,11
B,11
B,39
B,4
B,0
B,98
B,80
B,15
B,9
B,92
B,31
B,0
B,77
B,9
B,21
B,46
B,48
B,37
B,40
B,18
B,76
B,45
B,38
B,49
B,57
B,3
B,44
B,34
B,96
B,0
B,57
B,59
B,58
B,7
B,0
B,37
B,52
B,7
B,91
B,69
B,8
B,52
C,55
C,91
C,10
C,14
C,62
C,68
C,13
C,25
C,9
C,1
C,92
C,83
C,16
C,98
C,66
C,78
C,84
C,21
C,85
C,16
C,64
C,1
C,17
C,43
C,55
C,72
C,65
C,39
C,4
C,99
C,1
C,14
C,37
C,86
C,13
C,21
C,16
C,55
C,79
C,15
C,4
C,16
C,61
C,95
C,66
C,2
C,66
C,15
C,58
C,10
C,47
C,50
C,13
C,52
C,82
C,36
C,99
C,67
C,86
C,28
C,39
C,11
C,98
C,65
C,71
C,43
C,8
C,39
C,0
C,34
C,90
C,85
C,50
C,16
C,85
C,32
C,88
C,4
C,23
C,27
C,56
C,35
C,60
C,21
C,66
C,23
C,88
C,74
C,98
C,94
C,29
C,60
C,50
C,54
C,47
C,19
C,51
C,40
C,66
C,91
C,25
C,11
C,68
C,18
C,93
C,84
C,31
C,85
C,97
C,76
C,94
C,95
C,55
C,29
C,67
C,83
C,47
C,88
C,63
C,73
C,6
C,62
C,9
C,73
C,33
C,25
C,70
C,54
C,34
C,16
C,50
C,97
C,93
C,6
C,21
C,40
C,31
C,98
C,28
C,30
C,43
C,7
C,51
C,3
C,44
C,65
C,54
C,77
C,32
C,87
C,77
C,80
C,61
C,9
C,84
C,47
C,22
C,41
C,57
C,80
C,54
C,71
C,38
C,38
C,55
C,21
C,80
C,91
C,82
C,37
C,79
C,34
C,44
C,91
C,15
C,67
C,56
C,41
C,36
C,7
C,87
C,66
C,37
C,54
C,95
C,73
C,26
C,62
C,67
C,63
C,90
C,14
C,18
C,10
C,54
C,49
C,6
C,71
C,20
C,33
C,29
C,9
C,17
C,27
C,93
C,15
C,49
C,67
C,93
C,90
C,70
C,79
C,23
C,41
C,4
C,67
C,8
C,98
C,96
C,60
C,40
C,27
C,4
C,33
C,82
C,57
C,1
C,30
C,48
C,24
C,32
C,77
C,54
C,59
C,79
C,64
C,22
C,31
C,99
C,52
C,45
C,76
C,62
C,2
C,96
C,60
C,92
C,23
C,54
C,55
C,64
C,7
C,16
C,28
C,96
C,90
C,88
C,24
C,69
C,25
C,7
C,10
C,21
C,89
C,2
C,25
C,42
C,20
C,79
C,24
C,74
C,98
C,29
C,68
C,4
C,17
C,69
C,17
C,2
C,98
C,81
C,72
C,87
C,51
C,5
C,22
C,32
C,5
C,9
C,57
C,58
C,18
C,68
C,41
C,5
C,20
C,91
C,95
C,83
C,36
C,0
C,39
C,81
C,39
C,31
C,44
C,23
C,74
C,68
C,22
C,18
C,36
C,73
C,33
C,0
C,98
C,80
C,79
C,43
C,83
C,23
C,31
C,35
C,73
C,51
C,27
C,68
C,25
C,64
C,69
C,93
C,77
C,34
C,67
C,98
C,37
C,14
C,72
C,24
C,41
C,72
C,6
C,26
C,59
C,11
C,28
C,64
C,94
C,36
C,60
C,11
C,78
C,47
C,55
C,66
C,33
C,29
C,97
C,26
C,78
C,23
C,100
C,35
C,92
C,20
C,10
C,18
C,20
C,93
C,17
C,14
C,93
C,62
C,22
C,90
C,48
C,64
C,25
C,42
C,75
C,43
C,26
C,73
C,100
C,82
C,44
C,83
C,41
C,47
C,71
C,7
C,15
C,5
C,84
C,9
C,68
C,90
C,10
C,42
C,76
C,81
C,93
C,21
C,1
C,23
C,96
C,97
C,73
C,90
C,30
C,54
C,14
C,15
C,44
C,57
C,88
C,85
C,53
C,37
C,2
C,20
C,81
C,72
C,85
C,46
C,96
C,56
C,66
C,100
C,50
C,84
C,28
C,67
C,1
C,60
C,16
C,84
C,2
C,29
C,38
C,29
C,67
C,59
C,64
C,100
C,24
C,42
C,9
C,56
C,99
C,22
C,68
C,10
C,40
C,44
C,46
C,94
C,3
C,29
C,83
C,11
C,45
C,89
C,72
C,23
C,43
C,56
C,90
C,36
C,39
C,82
C,34
C,75
C,8
C,31
C,30
C,75
C,98
C,77
C,61
C,41
C,2
C,11
C,17
C,9
C,11
C,85
C,29
C,98
C,43
C,42
C,3
C,67
C,30
C,95
C,34
C,82
C,79
C,43
C,28
C,14
C,58
C,19
C,100
C,86
C,80
C,43
C,73
C,29
C,55
C,88
C,99
C,31
C,68
C,73
C,80
C,21
C,36
C,44
C,33
C,35
C,69
C,57
C,31
C,38
C,38
C,40
C,54
C,47
C,37
C,45
C,3
C,80
C,59
C,33
C,14
C,41
C,23
C,9
C,56
C,49
C,91
C,3
C,99
C,86
C,3
C,71
C,40
C,34
C,42
C,66
C,17
C,63
C,24
C,44
C,30
C,36
C,34
C,24
C,78
C,10
C,40
C,0
C,31
C,12
C,75
C,9
C,62
C,16
C,42
C,69
C,0
C,43
C,92
C,0
C,66
C,94
C,76
C,95
C,7
C,89
C,42
C,50
C,52
C,84
C,35
C,84
C,65
C,52
C,33
C,41
C,43
C,67
C,1
C,69
C,89
C,13
C,41
C,86
C,3
C,30
C,28
C,4
C,4
C,12
C,98
C,81
C,71
C,66
C,70
C,30
C,79
C,36
C,48
C,35
C,29
C,99
C,47
C,77
C,89
C,99
C,72
C,54
C,38
C,30
C,24
C,29
C,26
C,18
C,50
C,58
C,55
C,79
C,76
C,96
C,61
C,62
C,66
C,42
C,87
C,82
C,22
C,9
C,79
C,61
C,59
C,68
C,76
C,35
C,32
C,9
C,9
C,29
C,29
C,10
C,94
C,97
C,21
C,18
C,22
C,1
C,30
C,68
C,77
C,16
C,31
C,30
C,81
C,88
C,81
C,5
C,0
C,39
C,57
C,37
C,56
C,98
C,9
C,62
C,77
C,35
C,58
C,88
C,13
C,98
C,19
C,47
C,57
C,35
C,45
C,20
C,18
C,58
C,30
C,85
C,21
C,18
C,38
C,30
C,2
C,45
C,24
C,64
C,94
C,7
C,78
C,3
C,100
C,92
C,46
C,97
C,26
C,43
C,15
C,75
C,22
C,90
C,88
C,68
C,90
C,28
C,66
C,61
C,61
C,96
C,87
C,32
C,96
C,2
C,96
C,80
C,62
C,10
C,13
C,4
C,97
C,35
C,68
C,27
C,65
C,35
C,26
C,23
C,4
C,47
C,58
C,54
C,34
C,58
C,10
C,68
C,8
C,46
C,19
C,36
C,78
C,9
C,18
C,88
C,21
C,92
C,53
C,3
C,49
C,36
C,38
C,15
C,4
C,13
C,29
C,16
C,52
C,62
C,73
C,6
C,100
C,87
C,65
C,93
C,66
C,20
C,45
C,22
C,65
C,76
C,23
C,46
C,68
C,11
C,81
C,18
C,1
C,64
C,22
C,39
C,78
C,13
C,30
C,91
C,80
C,0
C,70
C,54
C,5
C,18
C,62
C,73
C,69
C,24
C,41
C,73
C,22
C,72
C,66
C,100
C,40
C,70
C,19
C,71
C,50
C,86
C,14
C,37
C,76
C,45
C,72
C,37
C,62
C,78
C,65
C,50
C,73
C,4
C,56
C,12
C,30
C,24
C,9
C,43
C,29
C,34
C,51
C,95
C,21
C,66
C,11
C,73
C,24
C,43
C,84
C,36
C,34
C,83
C,77
C,64
C,100
C,1
C,17
C,54
C,41
C,38
C,86
C,47
C,91
C,63
C,50
C,9
C,39
C,66
C,8
C,63
C,57
C,26
C,94
C,8
C,0
C,43
C,42
C,35
C,17
C,87
C,21
C,64
C,12
C,100
C,67
C,53
C,13
C,19
C,23
C,39
C,13
C,83
C,86
C,84
C,99
C,44
C,48
C,97
C,4
C,96
C,30
C,38
C,10
C,82
C,13
C,57
C,70
C,66
C,14
C,2
C,24
C,8
C,18
C,5
C,57
C,89
C,94
C,62
C,6
C,98
C,51
C,44
C,86
C,38
C,17
C,43
C,49
C,80
C,63
C,69
C,45
C,35
C,47
C,70
C,44
C,18
C,88
C,21
C,88
C,28
C,37
C,47
C,81
C,80
C,86
C,17
C,12
C,20
C,5
C,28
C,23
C,25
C,78
C,70
C,79
C,35
C,80
C,45
C,80
C,54
C,18
C,45
C,0
C,45
C,24
C,10
C,35
C,71
C,84
C,90
C,94
C,79
C,46
C,75
C,69
C,42
C,23
C,59
C,97
C,24
C,27
C,50
C,93
C,39
C,61
C,67
C,23
C,76
C,21
C,27
C,53
C,89
C,88
C,72
C,50
C,85
C,6
C,10
C,4
D,48
D,5
D,8
D,86
D,40
D,79
D,51
D,57
D,96
D,51
D,78
D,18
D,99
D,6
D,94
D,29
D,3
D,69
D,12
D,43
D,70
D,48
D,66
D,27
D,98
D,14
D,93
D,100
D,76
D,67
D,5
D,75
D,0
D,20
D,71
D,34
D,10
D,11
D,11
D,61
D,26
D,51
D,18
D,25
D,64
D,30
D,73
D,70
D,37
D,42
D,66
D,58
D,80
D,16
D,72
D,44
D,63
D,12
D,87
D,72
D,11
D,45
D,86
D,5
D,24
D,56
D,76
D,56
D,98
D,40
D,34
D,77
D,2
D,37
D,15
D,42
D,60
D,89
D,74
D,87
D,18
D,30
D,38
D,64
D,65
D,12
D,1
D,75
D,88
D,2
D,99
D,25
D,99
D,37
D,40
D,7
D,95
D,43
D,66
D,59
D,31
D,62
D,37
D,77
D,15
D,69
D,7
D,92
D,73
D,63
D,70
D,20
D,22
D,11
D,54
D,67
D,72
D,96
D,54
D,3
D,95
D,39
D,63
D,47
D,45
D,11
D,29
D,67
D,42
D,55
D,30
D,61
D,40
D,0
D,73
D,99
D,50
D,34
D,72
D,58
D,72
D,47
D,82
D,23
D,100
D,32
D,92
D,46
D,100
D,1
D,24
D,19
D,98
D,47
D,46
D,33
D,31
D,28
D,85
D,39
D,39
D,42
D,46
D,18
D,15
D,28
D,83
D,93
D,68
D,88
D,25
D,47
D,49
D,2
D,29
D,79
D,52
D,39
D,23
D,75
D,37
D,76
D,88
D,46
D,37
D,16
D,36
D,10
D,46
D,59
D,11
D,62
D,48
D,13
D,27
D,46
D,96
D,98
D,25
D,98
D,92
D,63
D,92
D,35
D,82
D,31
D,22
D,2
D,58
D,51
D,43
D,31
D,92
D,61
D,39
D,87
D,72
D,40
D,46
D,52
D,47
D,70
D,43
D,8
D,89
D,70
D,44
D,66
D,61
D,22
D,66
D,61
D,83
D,77
D,2
D,66
D,7
D,60
D,84
D,36
D,91
D,74
D,100
D,61
D,27
D,81
D,53
D,18
D,66
D,56
D,6
D,41
D,98
D,57
D,60
D,79
D,100
D,69
D,40
D,3
D,34
D,89
D,78
D,79
D,99
D,39
D,23
D,47
D,59
D,9
D,24
D,62
D,72
D,38
D,75
D,82
D,8
D,62
D,54
D,32
D,35
D,42
D,32
D,12
D,12
D,15
D,7
D,83
D,47
D,52
D,88
D,96
D,74
D,85
D,0
D,47
D,13
D,43
D,18
D,78
D,100
D,81
D,24
D,29
D,81
D,23
D,40
D,94
D,9
D,60
D,70
D,78
D,58
D,56
D,0
D,14
D,21
D,51
D,11
D,56
D,7
D,23
D,60
D,35
D,27
D,33
D,40
D,45
D,3
D,1
D,2
D,96
D,10
D,89
D,32
D,68
D,29
D,51
D,11
D,0
D,7
D,74
D,100
D,12
D,41
D,5
D,27
D,19
D,6
D,76
D,73
D,39
D,59
D,39
D,10
D,19
D,28
D,0
D,56
D,32
D,77
D,34
D,16
D,47
D,4
D,65
D,21
D,94
D,71
D,66
D,40
D,24
D,67
D,57
D,7
D,26
D,57
D,39
D,13
D,47
D,45
D,86
D,28
D,36
D,21
D,84
D,72
D,13
D,35
D,51
D,66
D,16
D,82
D,56
D,31
D,10
D,37
D,61
D,96
D,38
D,24
D,49
D,29
D,29
D,59
D,63
D,79
D,66
D,14
D,12
D,47
D,59
D,52
D,13
D,51
D,89
D,69
D,40
D,73
D,43
D,72
D,63
D,43
D,58
D,8
D,81
D,93
D,53
D,10
D,37
D,97
D,21
D,53
D,50
D,99
D,60
D,75
D,69
D,53
D,92
D,73
D,64
D,57
D,8
D,27
D,43
D,93
D,57
D,40
D,63
D,40
D,37
D,43
D,54
D,9
D,38
D,61
D,20
D,92
D,36
D,96
D,64
D,79
D,54
D,83
D,41
D,16
D,21
D,36
D,97
D,42
D,89
D,54
D,93
D,67
D,61
D,29
D,16
D,1
D,41
D,9
D,97
D,29
D,46
D,96
D,48
D,2
D,8
D,42
D,54
D,69
D,65
D,78
D,16
D,64
D,60
D,90
D,94
D,48
D,27
D,82
D,59
D,82
D,96
D,25
D,33
D,62
D,7
D,75
D,39
D,89
D,0
D,22
D,90
D,88
D,59
D,94
D,71
D,43
D,46
D,27
D,79
D,5
D,94
D,56
D,16
D,88
D,45
D,2
D,39
D,12
D,56
D,43
D,40
D,18
D,91
D,46
D,31
D,85
D,52
D,66
D,73
D,55
D,90
D,40
D,93
D,44
D,78
D,8
D,22
D,10
D,27
D,53
D,87
D,12
D,31
D,6
D,57
D,72
D,55
D,73
D,18
D,45
D,1
D,55
D,63
D,74
D,60
D,70
D,67
D,100
D,1
D,55
D,94
D,71
D,84
D,65
D,85
D,11
D,25
D,30
D,32
D,35
D,61
D,79
D,57
D,42
D,38
D,58
D,13
D,52
D,64
D,7
D,22
D,18
D,26
D,75
D,25
D,81
D,95
D,99
D,43
D,82
D,67
D,63
D,27
D,28
D,55
D,3
D,18
D,64
D,11
D,16
D,63
D,83
D,46
D,1
D,60
D,53
D,19
D,5
D,13
D,69
D,38
D,88
D,34
D,48
D,20
D,54
D,80
D,0
D,94
D,43
D,18
D,35
D,39
D,81
D,48
D,27
D,70
D,39
D,51
D,6
D,66
D,17
D,55
D,31
D,58
D,11
D,100
D,12
D,21
D,79
D,100
D,47
D,64
D,74
D,61
D,69
D,66
D,84
D,50
D,64
D,82
D,18
D,69
D,49
D,33
D,48
D,88
D,21
D,68
D,50
D,6
D,88
D,38
D,52
D,2
D,21
D,14
D,13
D,99
D,60
D,55
D,67
D,40
D,17
D,45
D,56
D,16
D,42
D,13
D,38
D,43
D,25
D,77
D,19
D,36
D,42
D,92
D,32
D,93
D,73
D,14
D,93
D,74
D,2
D,81
D,17
D,64
D,15
D,37
D,22
D,98
D,65
D,3
D,61
D,41
D,44
D,12
D,73
D,54
D,17
D,46
D,87
D,23
D,91
D,17
D,67
D,74
D,56
D,52
D,74
D,6
D,27
D,86
D,42
D,68
D,95
D,12
D,36
D,70
D,79
D,11
D,25
D,95
D,39
D,94
D,57
D,2
D,74
D,39
D,52
D,64
D,67
D,15
D,16
D,50
D,69
D,45
D,4
D,61
D,42
D,1
D,23
D,16
D,70
D,97
D,80
D,30
D,50
D,82
D,47
D,11
D,20
D,47
D,75
D,35
D,24
D,42
D,29
D,37
D,98
D,99
D,12
D,78
D,42
D,63
D,89
D,15
D,47
D,27
D,57
D,50
D,3
D,62
D,10
D,8
D,81
D,20
D,19
D,70
D,57
D,52
D,28
D,23
D,21
D,21
D,83
D,71
D,83
D,25
D,37
D,98
D,71
D,12
D,60
D,78
D,80
D,22
D,40
D,91
D,38
D,38
D,78
D,21
D,75
D,58
D,25
D,100
D,91
D,12
D,40
D,50
D,49
D,27
D,90
D,0
D,69
D,61
D,10
D,27
D,5
D,64
D,96
D,79
D,85
D,34
D,71
D,13
D,98
D,87
D,86
D,26
D,78
D,98
D,41
D,83
D,5
D,84
D,71
D,18
D,59
D,27
D,21
D,41
D,77
D,62
D,96
D,27
D,8
D,12
D,3
D,66
D,83
D,38
D,19
D,25
D,6
D,43
D,95
D,87
D,22
D,23
D,71
D,63
D,69
D,26
D,69
D,23
D,61
D,84
D,32
D,50
D,28
D,68
D,15
D,27
D,87
D,12
D,20
D,7
D,98
D,14
D,35
D,41
D,26
D,22
D,45
D,65
D,81
D,35
D,3
D,76
D,6
D,5
D,17
D,69
D,38
D,97
D,52
D,76
D,56
D,38
D,13
D,90
D,84
D,63
D,15
D,85
D,2
D,19
D,76
D,39
D,78
D,54
D,79
D,61
D,73
D,77
D,49
D,45
D,52
D,71
D,18
D,40
D,69
D,18
D,9
D,83
D,75
D,40
D,61
D,3
D,95
D,47
D,30
D,62
D,1
D,76
D,39
D,86
D,62
D,18
D,66
D,20
D,88
D,67
D,27
D,85
D,33
D,64
D,92
D,64
D,83
D,45
D,9
D,41
D,98
D,49
D,79
D,82
D,14
D,7
D,7
D,80
D,24
D,3
D,43
D,63
D,98
D,43
D,53
D,7
D,93
D,24
D,100
D,12
D,75
D,22
E,19
E,6
E,13
E,13
E,23
E,69
E,26
E,33
E,8
E,93
E,57
E,26
E,53
E,71
E,14
E,22
E,30
E,81
E,58
E,11
E,28
E,68
E,38
E,20
E,40
E,25
E,58
E,43
E,92
E,6
E,65
E,58
E,13
E,5
E,46
E,80
E,100
E,12
E,7
E,5
E,28
E,65
E,99
E,51
E,48
E,5
E,87
E,46
E,62
E,94
E,67
E,91
E,70
E,90
E,6
E,54
E,24
E,70
E,73
E,60
E,36
E,18
E,91
E,95
E,54
E,90
E,82
E,12
E,81
E,48
E,46
E,99
E,60
E,57
E,8
E,59
E,8
E,38
E,24
E,23
E,65
E,49
E,68
E,3
E,56
E,38
E,19
E,15
E,58
E,28
E,19
E,93
E,40
E,73
E,65
E,6
E,36
E,98
E,60
E,36
E,38
E,54
E,86
E,99
E,48
E,55
E,42
E,6
E,99
E,90
E,83
E,76
E,29
E,20
E,49
E,36
E,2
E,87
E,55
E,70
E,72
E,26
E,5
E,75
E,14
E,57
E,97
E,9
E,58
E,83
E,72
E,37
E,90
E,5
E,68
E,27
E,19
E,98
E,83
E,8
E,91
E,8
E,10
E,56
E,33
E,84
E,14
E,96
E,90
E,70
E,64
E,76
E,53
E,22
E,83
E,3
E,32
E,33
E,46
E,66
E,45
E,36
E,30
E,85
E,39
E,96
E,27
E,95
E,32
E,64
E,53
E,59
E,54
E,50
E,97
E,10
E,18
E,22
E,100
E,29
E,40
E,81
E,0
E,90
E,11
E,45
E,70
E,64
E,42
E,16
E,76
E,34
E,14
E,79
E,83
E,41
E,47
E,34
E,60
E,84
E,60
E,76
E,42
E,59
E,10
E,84
E,78
E,26
E,85
E,68
E,65
E,28
E,73
E,27
E,32
E,15
E,96
E,73
E,21
E,63
E,90
E,23
E,58
E,22
E,17
E,62
E,24
E,91
E,52
E,51
E,78
E,0
E,6
E,87
E,95
E,14
E,16
E,16
E,34
E,80
E,40
E,19
E,20
E,49
E,46
E,92
E,22
E,83
E,83
E,74
E,27
E,26
E,53
E,23
E,63
E,7
E,20
E,1
E,39
E,79
E,5
E,0
E,57
E,49
E,50
E,17
E,24
E,27
E,14
E,98
E,78
E,51
E,72
E,39
E,25
E,90
E,44
E,48
E,20
E,7
E,7
E,3
E,39
E,63
E,8
E,27
E,91
E,48
E,33
E,32
E,19
E,77
E,44
E,92
E,30
E,58
E,55
E,37
E,60
E,3
E,4
E,16
E,41
E,97
E,60
E,42
E,41
E,5
E,55
E,4
E,18
E,98
E,71
E,9
E,92
E,1
E,95
E,68
E,31
E,28
E,94
E,97
E,34
E,74
E,78
E,88
E,96
E,55
E,62
E,49
E,95
E,51
E,1
E,31
E,94
E,46
E,4
E,42
E,1
E,36
E,54
E,29
E,25
E,3
E,43
E,77
E,44
E,85
E,59
E,1
E,99
E,24
E,55
E,13
E,32
E,2
E,90
E,14
E,32
E,25
E,13
E,93
E,40
E,51
E,55
E,48
E,78
E,29
E,89
E,39
E,53
E,7
E,31
E,7
E,89
E,56
E,15
E,74
E,1
E,25
E,63
E,38
E,74
E,16
E,90
E,27
E,21
E,97
E,24
E,54
E,5
E,41
E,3
E,97
E,31
E,17
E,39
E,64
E,30
E,39
E,55
E,68
E,67
E,37
E,94
E,24
E,94
E,91
E,47
E,19
E,65
E,52
E,69
E,5
E,63
E,54
E,71
E,82
E,9
E,62
E,94
E,84
E,50
E,42
E,81
E,89
E,53
E,22
E,19
E,0
E,8
E,40
E,32
E,100
E,26
E,91
E,77
E,32
E,10
E,85
E,45
E,52
E,66
E,75
E,94
E,88
E,8
E,76
E,90
E,84
E,93
E,82
E,70
E,94
E,1
E,29
E,77
E,13
E,50
E,31
E,42
E,15
E,44
E,16
E,6
E,55
E,76
E,31
E,88
E,74
E,59
E,64
E,85
E,95
E,66
E,55
E,98
E,7
E,87
E,61
E,92
E,53
E,76
E,24
E,44
E,58
E,55
E,3
E,40
E,71
E,19
E,6
E,87
E,49
E,48
E,40
E,55
E,29
E,89
E,83
E,7
E,25
E,29
E,97
E,98
E,38
E,8
E,4
E,27
E,12
E,54
E,40
E,34
E,7
E,34
E,70
E,36
E,58
E,99
E,59
E,54
E,88
E,40
E,99
E,7
E,50
E,49
E,31
E,100
E,25
E,91
E,90
E,100
E,56
E,33
E,32
E,34
E,81
E,28
E,87
E,12
E,75
E,54
E,17
E,13
E,21
E,13
E,96
E,50
E,52
E,29
E,34
E,13
E,89
E,59
E,12
E,74
E,97
E,31
E,74
E,51
E,75
E,11
E,90
E,90
E,54
E,2
E,9
E,52
E,42
E,43
E,6
E,93
E,24
E,88
E,7
E,49
E,76
E,41
E,1
E,41
E,99
E,47
E,24
E,15
E,56
E,58
E,25
E,47
E,41
E,81
E,95
E,48
E,48
E,60
E,66
E,57
E,71
E,49
E,95
E,100
E,23
E,48
E,41
E,20
E,97
E,50
E,43
E,50
E,53
E,18
E,51
E,99
E,60
E,86
E,18
E,34
E,82
E,35
E,20
E,8
E,84
E,46
E,59
E,81
E,4
E,84
E,97
E,30
E,86
E,99
E,31
E,1
E,23
E,64
E,36
E,65
E,60
E,2
E,80
E,8
E,51
E,99
E,5
E,31
E,84
E,49
E,7
E,79
E,16
E,12
E,36
E,82
E,43
E,99
E,68
E,20
E,26
E,46
E,88
E,65
E,3
E,99
E,75
E,30
E,3
E,62
E,96
E,86
E,79
E,64
E,9
E,49
E,37
E,78
E,0
E,16
E,28
E,42
E,51
E,62
E,63
E,93
E,64
E,18
E,62
E,4
E,66
E,58
E,72
E,45
E,38
E,97
E,32
E,70
E,20
E,36
E,79
E,25
E,63
E,71
E,97
E,27
E,12
E,94
E,42
E,58
E,9
E,21
E,62
E,96
E,13
E,47
E,7
E,55
E,46
E,65
E,41
E,5
E,12
E,8
E,71
E,72
E,34
E,8
E,81
E,84
E,31
E,30
E,47
E,63
E,48
E,11
E,50
E,77
E,88
E,65
E,10
E,32
E,75
E,71
E,95
E,6
E,44
E,20
E,88
E,40
E,24
E,22
E,23
E,35
E,2
E,43
E,49
E,36
E,55
E,31
E,16
E,62
E,1
E,26
E,87
E,93
E,82
E,66
E,22
E,65
E,9
E,100
E,36
E,22
E,74
E,58
E,61
E,63
E,40
E,48
E,65
E,84
E,85
E,87
E,31
E,52
E,27
E,91
E,34
E,72
E,16
E,31
E,13
E,55
E,80
E,86
E,25
E,50
E,70
E,61
E,37
E,17
E,59
E,57
E,43
E,80
E,35
E,22
E,15
E,50
E,77
E,4
E,12
E,9
E,96
E,4
E,55
E,34
E,37
E,72
E,1
E,13
E,71
E,21
E,50
E,69
E,37
E,64
E,7
E,12
E,96
E,64
E,93
E,30
E,50
E,11
E,53
E,74
E,16
E,76
E,79
E,69
E,77
E,27
E,93
E,20
E,85
E,16
E,11
E,77
E,43
E,0
E,77
E,71
E,35
E,41
E,91
E,75
E,72
E,3
E,4
E,48
E,60
E,62
E,71
E,48
E,37
E,49
E,14
E,14
E,22
E,89
E,56
E,27
E,93
E,6
E,76
E,76
E,23
E,6
E,47
E,86
E,98
E,33
E,66
E,83
E,19
E,68
E,85
E,81
E,23
E,93
E,44
E,58
E,26
E,14
E,24
E,46
E,1
E,17
E,49
E,5
E,94
E,98
E,12
E,87
E,16
E,2
E,12
E,70
E,17
E,80
E,48
E,98
E,39
E,69
E,68
E,17
E,37
E,68
E,65
E,87
E,82
E,23
E,2
E,91
E,95
E,95
E,19
E,6
E,38
E,25
E,86
E,89
E,53
E,58
E,22
E,100
E,56
E,90
E,76
E,42
E,52
E,89
E,98
E,79
E,58
E,20
E,46
E,55
E,84
E,37
E,41
E,49
E,32
E,38
E,35
E,100
E,28
E,96
E,88
E,73
E,21
E,18
E,59
E,32
E,100
E,60
E,43
E,24
E,57
E,38
E,64
E,73
E,19
E,5
E,1
E,62
E,56
E,98
E,99
E,18
E,89
E,52
E,70
E,75
E,71
E,31
E,88
E,98
E,75
E,51
E,97
E,29
E,11
E,86
E,16
E,25
E,64
E,9
E,52
E,10
E,29
F,24
F,93
F,83
F,92
F,51
F,89
F,69
F,0
F,7
F,57
F,25
F,23
F,57
F,58
F,35
F,81
F,84
F,69
F,10
F,88
F,68
F,95
F,30
F,13
F,32
F,41
F,2
F,19
F,18
F,12
F,90
F,84
F,29
F,23
F,26
F,27
F,57
F,85
F,86
F,77
F,30
F,61
F,7
F,5
F,45
F,35
F,92
F,13
F,71
F,45
F,40
F,32
F,52
F,50
F,5
F,25
F,64
F,11
F,34
F,13
F,90
F,67
F,90
F,66
F,49
F,31
F,4
F,0
F,1
F,100
F,100
F,67
F,36
F,33
F,81
F,1
F,41
F,75
F,18
F,87
F,98
F,38
F,34
F,74
F,19
F,5
F,31
F,80
F,56
F,26
F,60
F,81
F,93
F,56
F,10
F,0
F,53
F,84
F,63
F,40
F,57
F,86
F,21
F,38
F,4
F,0
F,25
F,13
F,88
F,49
F,66
F,74
F,59
F,63
F,61
F,51
F,26
F,18
F,45
F,99
F,73
F,43
F,6
F,6
F,67
F,18
F,1
F,20
F,15
F,80
F,58
F,5
F,59
F,45
F,33
F,11
F,3
F,77
F,77
F,3
F,91
F,9
F,11
F,95
F,76
F,45
F,61
F,20
F,42
F,14
F,68
F,89
F,21
F,98
F,58
F,80
F,17
F,16
F,62
F,18
F,73
F,61
F,76
F,11
F,55
F,59
F,15
F,16
F,90
F,34
F,95
F,32
F,54
F,75
F,41
F,6
F,40
F,81
F,72
F,52
F,0
F,57
F,15
F,65
F,41
F,65
F,66
F,38
F,2
F,56
F,75
F,2
F,31
F,48
F,39
F,32
F,83
F,42
F,12
F,37
F,8
F,47
F,20
F,85
F,99
F,72
F,78
F,67
F,78
F,69
F,39
F,86
F,41
F,23
F,12
F,45
F,96
F,53
F,0
F,58
F,37
F,5
F,35
F,24
F,70
F,76
F,92
F,13
F,58
F,97
F,73
F,35
F,30
F,26
F,35
F,78
F,92
F,12
F,71
F,100
F,73
F,69
F,38
F,69
F,60
F,63
F,35
F,25
F,24
F,59
F,62
F,81
F,7
F,100
F,62
F,90
F,77
F,66
F,80
F,5
F,99
F,62
F,39
F,95
F,16
F,67
F,90
F,95
F,23
F,65
F,100
F,72
F,77
F,26
F,89
F,94
F,21
F,7
F,16
F,42
F,6
F,80
F,89
F,10
F,82
F,51
F,53
F,92
F,9
F,86
F,19
F,11
F,1
F,77
F,55
F,45
F,99
F,86
F,60
F,45
F,42
F,81
F,48
F,84
F,3
F,63
F,5
F,42
F,78
F,56
F,64
F,8
F,14
F,94
F,83
F,67
F,81
F,53
F,39
F,14
F,32
F,53
F,41
F,35
F,86
F,81
F,85
F,90
F,7
F,13
F,70
F,99
F,89
F,16
F,56
F,60
F,30
F,20
F,41
F,1
F,100
F,38
F,20
F,55
F,34
F,95
F,98
F,46
F,67
F,39
F,82
F,27
F,36
F,65
F,56
F,85
F,33
F,97
F,61
F,37
F,13
F,81
F,52
F,32
F,69
F,81
F,90
F,31
F,99
F,26
F,60
F,26
F,63
F,23
F,35
F,14
F,43
F,55
F,18
F,28
F,98
F,40
F,39
F,56
F,29
F,14
F,51
F,13
F,89
F,9
F,60
F,48
F,26
F,14
F,21
F,9
F,65
F,30
F,34
F,9
F,84
F,74
F,39
F,87
F,52
F,90
F,39
F,8
F,50
F,99
F,17
F,60
F,44
F,87
F,26
F,81
F,35
F,66
F,83
F,80
F,41
F,26
F,80
F,91
F,79
F,20
F,52
F,83
F,78
F,50
F,70
F,50
F,5
F,73
F,48
F,46
F,45
F,0
F,50
F,80
F,55
F,82
F,99
F,18
F,86
F,8
F,58
F,54
F,7
F,49
F,92
F,51
F,28
F,68
F,13
F,61
F,90
F,23
F,23
F,41
F,20
F,80
F,83
F,26
F,95
F,35
F,17
F,44
F,100
F,74
F,67
F,57
F,82
F,20
F,88
F,59
F,17
F,13
F,12
F,57
F,94
F,68
F,7
F,62
F,94
F,56
F,19
F,93
F,56
F,38
F,52
F,7
F,60
F,14
F,19
F,41
F,87
F,64
F,42
F,82
F,10
F,25
F,80
F,75
F,51
F,86
F,33
F,53
F,33
F,88
F,5
F,67
F,10
F,63
F,99
F,29
F,25
F,25
F,86
F,4
F,58
F,63
F,62
F,90
F,59
F,22
F,69
F,1
F,97
F,61
F,13
F,56
F,94
F,55
F,86
F,41
F,46
F,20
F,8
F,3
F,61
F,59
F,56
F,8
F,83
F,62
F,43
F,36
F,29
F,79
F,48
F,4
F,49
F,1
F,76
F,99
F,23
F,95
F,84
F,98
F,18
F,76
F,40
F,78
F,41
F,88
F,76
F,25
F,0
F,94
F,4
F,95
F,35
F,65
F,70
F,40
F,84
F,97
F,12
F,81
F,20
F,19
F,12
F,4
F,6
F,91
F,16
F,42
F,8
F,19
F,20
F,11
F,95
F,14
F,89
F,98
F,54
F,13
F,90
F,82
F,77
F,50
F,50
F,36
F,91
F,53
F,21
F,7
F,63
F,19
F,58
F,29
F,79
F,32
F,84
F,66
F,25
F,100
F,31
F,61
F,24
F,59
F,59
F,22
F,29
F,35
F,46
F,31
F,52
F,68
F,76
F,68
F,15
F,1
F,90
F,60
F,83
F,1
F,86
F,85
F,55
F,3
F,84
F,12
F,61
F,95
F,87
F,63
F,61
F,84
F,16
F,5
F,43
F,64
F,59
F,31
F,31
F,74
F,1
F,94
F,95
F,66
F,63
F,6
F,5
F,43
F,67
F,34
F,35
F,3
F,48
F,93
F,14
F,48
F,48
F,5
F,75
F,0
F,98
F,92
F,25
F,5
F,63
F,60
F,33
F,74
F,85
F,0
F,52
F,38
F,100
F,10
F,63
F,45
F,63
F,51
F,61
F,79
F,21
F,81
F,25
F,87
F,57
F,59
F,70
F,75
F,40
F,6
F,78
F,91
F,60
F,56
F,10
F,66
F,89
F,17
F,76
F,24
F,89
F,81
F,2
F,41
F,46
F,64
F,48
F,37
F,25
F,79
F,76
F,52
F,77
F,84
F,23
F,52
F,62
F,54
F,26
F,69
F,74
F,25
F,61
F,17
F,63
F,71
F,68
F,19
F,12
F,100
F,8
F,65
F,52
F,88
F,69
F,2
F,85
F,56
F,69
F,36
F,33
F,20
F,66
F,60
F,31
F,58
F,37
F,46
F,27
F,67
F,99
F,11
F,77
F,30
F,49
F,30
F,62
F,42
F,64
F,44
F,80
F,63
F,54
F,20
F,36
F,47
F,72
F,80
F,47
F,13
F,10
F,89
F,57
F,37
F,12
F,68
F,90
F,17
F,50
F,27
F,29
F,87
F,50
F,7
F,1
F,47
F,26
F,1
F,14
F,38
F,4
F,97
F,53
F,39
F,35
F,14
F,18
F,16
F,93
F,72
F,63
F,64
F,5
F,60
F,69
F,60
F,2
F,29
F,5
F,50
F,29
F,17
F,76
F,70
F,85
F,1
F,6
F,79
F,85
F,77
F,88
F,4
F,33
F,5
F,85
F,37
F,74
F,53
F,74
F,4
F,1
F,14
F,71
F,80
F,69
F,90
F,94
F,5
F,10
F,84
F,58
F,65
F,66
F,30
F,25
F,44
F,9
F,76
F,79
F,71
F,57
F,97
F,16
F,28
F,97
F,72
F,67
F,61
F,37
F,10
F,67
F,90
F,51
F,25
F,34
F,64
F,3
F,48
F,9
F,98
F,58
F,2
F,59
F,24
F,71
F,11
F,43
F,90
F,18
F,75
F,20
F,94
F,79
F,47
F,32
F,41
F,30
F,52
F,47
F,60
F,75
F,82
F,72
F,92
F,88
F,61
F,96
F,25
F,92
F,48
F,89
F,8
F,25
F,36
F,69
F,59
F,22
F,41
F,60
F,79
F,55
F,55
F,25
F,73
F,90
F,9
F,37
F,33
F,18
F,16
F,63
F,13
F,95
F,71
F,72
F,29
F,96
F,59
F,83
F,10
F,83
F,99
F,81
F,54
F,60
F,17
F,19
F,78
F,96
F,7
F,14
F,93
F,70
F,76
F,12
F,86
F,55
F,61
F,15
F,77
F,74
F,10
F,15
F,99
F,95
F,65
F,35
F,68
F,48
F,67
F,9
F,22
F,57
F,18
F,68
F,32
F,69
F,92
F,13
F,13
F,80
F,19
F,79
F,44
F,98
F,12
F,26
F,100
F,99
F,98
F,84
F,84
G,32
G,2
G,55
G,92
G,82
G,41
G,13
G,36
G,24
G,89
G,72
G,66
G,44
G,69
G,33
G,2
G,92
G,67
G,81
G,54
G,42
G,58
G,40
G,46
G,24
G,91
G,29
G,96
G,49
G,96
G,35
G,99
G,29
G,98
G,46
G,57
G,48
G,95
G,12
G,54
G,83
G,47
G,99
G,10
G,18
G,24
G,76
G,44
G,72
G,49
G,25
G,26
G,94
G,22
G,58
G,61
G,82
G,69
G,39
G,8
G,26
G,90
G,68
G,0
G,83
G,28
G,83
G,20
G,72
G,60
G,93
G,64
G,35
G,24
G,74
G,47
G,50
G,94
G,31
G,27
G,42
G,37
G,22
G,54
G,60
G,15
G,17
G,80
G,23
G,61
G,41
G,35
G,62
G,67
G,45
G,84
G,69
G,1
G,66
G,31
G,24
G,58
G,7
G,86
G,22
G,50
G,21
G,62
G,79
G,74
G,77
G,22
G,9
G,57
G,47
G,10
G,99
G,96
G,40
G,87
G,62
G,49
G,52
G,2
G,48
G,75
G,65
G,14
G,2
G,14
G,50
G,61
G,67
G,79
G,24
G,56
G,80
G,26
G,61
G,85
G,90
G,42
G,68
G,46
G,22
G,23
G,84
G,34
G,42
G,12
G,8
G,93
G,86
G,5
G,49
G,0
G,20
G,27
G,84
G,8
G,60
G,1
G,61
G,44
G,21
G,5
G,7
G,78
G,11
G,51
G,28
G,24
G,91
G,75
G,75
G,90
G,86
G,37
G,16
G,26
G,75
G,21
G,10
G,35
G,56
G,72
G,69
G,66
G,100
G,86
G,96
G,88
G,51
G,17
G,81
G,27
G,8
G,32
G,85
G,61
G,50
G,15
G,67
G,69
G,95
G,95
G,9
G,23
G,45
G,96
G,87
G,22
G,47
G,51
G,51
G,20
G,60
G,66
G,60
G,37
G,42
G,31
G,16
G,13
G,93
G,24
G,77
G,66
G,62
G,8
G,3
G,91
G,92
G,33
G,86
G,36
G,82
G,38
G,4
G,72
G,21
G,94
G,70
G,84
G,19
G,70
G,48
G,68
G,56
G,4
G,85
G,91
G,73
G,54
G,17
G,48
G,13
G,40
G,67
G,75
G,84
G,73
G,83
G,2
G,95
G,14
G,34
G,7
G,92
G,96
G,91
G,54
G,0
G,38
G,75
G,61
G,82
G,53
G,26
G,3
G,47
G,0
G,44
G,33
G,36
G,63
G,48
G,86
G,73
G,42
G,27
G,93
G,45
G,2
G,99
G,51
G,67
G,32
G,84
G,34
G,58
G,90
G,18
G,12
G,97
G,37
G,6
G,84
G,49
G,82
G,78
G,30
G,95
G,3
G,64
G,50
G,79
G,17
G,4
G,96
G,33
G,69
G,52
G,60
G,56
G,25
G,85
G,90
G,2
G,51
G,41
G,48
G,55
G,9
G,75
G,0
G,44
G,17
G,7
G,35
G,44
G,46
G,43
G,46
G,1
G,6
G,31
G,99
G,29
G,63
G,40
G,81
G,83
G,73
G,45
G,84
G,77
G,96
G,49
G,41
G,2
G,1
G,70
G,38
G,28
G,27
G,79
G,95
G,68
G,92
G,30
G,44
G,17
G,4
G,16
G,93
G,27
G,26
G,3
G,60
G,79
G,2
G,100
G,14
G,59
G,100
G,45
G,81
G,68
G,93
G,86
G,34
G,67
G,40
G,31
G,76
G,75
G,39
G,72
G,61
G,94
G,95
G,0
G,13
G,51
G,94
G,0
G,89
G,6
G,63
G,42
G,63
G,66
G,28
G,14
G,61
G,35
G,89
G,18
G,42
G,15
G,27
G,9
G,9
G,70
G,70
G,35
G,18
G,51
G,3
G,3
G,86
G,58
G,64
G,16
G,24
G,86
G,65
G,100
G,41
G,0
G,17
G,80
G,35
G,46
G,59
G,22
G,62
G,57
G,59
G,85
G,2
G,93
G,42
G,32
G,35
G,87
G,85
G,9
G,59
G,49
G,0
G,53
G,65
G,3
G,49
G,75
G,93
G,29
G,18
G,85
G,29
G,65
G,72
G,57
G,23
G,98
G,84
G,89
G,64
G,56
G,29
G,62
G,98
G,70
G,21
G,22
G,5
G,13
G,22
G,54
G,64
G,40
G,11
G,83
G,16
G,30
G,40
G,35
G,37
G,90
G,43
G,66
G,86
G,36
G,70
G,38
G,78
G,69
G,82
G,18
G,2
G,98
G,90
G,82
G,39
G,58
G,75
G,50
G,20
G,5
G,11
G,15
G,100
G,56
G,45
G,39
G,17
G,1
G,37
G,75
G,46
G,88
G,85
G,36
G,48
G,24
G,67
G,22
G,20
G,41
G,99
G,10
G,18
G,27
G,27
G,43
G,78
G,80
G,1
G,83
G,95
G,38
G,96
G,69
G,15
G,70
G,14
G,10
G,1
G,9
G,42
G,95
G,9
G,51
G,5
G,15
G,64
G,24
G,36
G,44
G,93
G,8
G,61
G,86
G,100
G,78
G,53
G,94
G,88
G,29
G,11
G,96
G,96
G,16
G,33
G,48
G,7
G,77
G,41
G,60
G,100
G,12
G,100
G,55
G,28
G,100
G,80
G,29
G,33
G,0
G,47
G,81
G,98
G,91
G,6
G,86
G,31
G,20
G,49
G,7
G,77
G,91
G,50
G,97
G,76
G,59
G,96
G,97
G,94
G,1
G,13
G,60
G,17
G,9
G,0
G,26
G,86
G,64
G,62
G,30
G,75
G,87
G,15
G,14
G,71
G,83
G,81
G,68
G,88
G,92
G,19
G,78
G,32
G,23
G,100
G,70
G,53
G,4
G,48
G,21
G,25
G,37
G,13
G,99
G,51
G,15
G,97
G,74
G,29
G,44
G,46
G,36
G,46
G,46
G,96
G,23
G,48
G,62
G,66
G,18
G,98
G,82
G,21
G,64
G,27
G,88
G,83
G,41
G,45
G,15
G,75
G,7
G,5
G,58
G,66
G,50
G,8
G,42
G,69
G,20
G,70
G,75
G,39
G,83
G,39
G,78
G,85
G,100
G,42
G,57
G,56
G,82
G,49
G,100
G,79
G,77
G,44
G,24
G,8
G,88
G,54
G,39
G,17
G,36
G,75
G,12
G,33
G,52
G,22
G,63
G,41
G,44
G,73
G,61
G,44
G,14
G,13
G,46
G,63
G,68
G,60
G,53
G,15
G,60
G,18
G,40
G,57
G,96
G,64
G,73
G,93
G,66
G,74
G,66
G,10
G,77
G,38
G,53
G,91
G,62
G,56
G,5
G,48
G,40
G,33
G,62
G,99
G,74
G,42
G,24
G,71
G,81
G,71
G,53
G,14
G,36
G,34
G,30
G,99
G,72
G,24
G,39
G,50
G,42
G,7
G,10
G,58
G,65
G,95
G,50
G,90
G,49
G,97
G,57
G,41
G,44
G,22
G,69
G,85
G,73
G,57
G,100
G,18
G,6
G,94
G,72
G,32
G,46
G,73
G,79
G,86
G,100
G,52
G,42
G,7
G,51
G,2
G,0
G,84
G,10
G,75
G,63
G,1
G,45
G,99
G,4
G,53
G,16
G,41
G,24
G,94
G,11
G,74
G,59
G,88
G,78
G,17
G,14
G,37
G,11
G,27
G,59
G,8
G,13
G,29
G,20
G,84
G,35
G,0
G,86
G,99
G,84
G,20
G,53
G,85
G,0
G,3
G,73
G,48
G,82
G,13
G,21
G,60
G,100
G,55
G,61
G,78
G,78
G,85
G,74
G,47
G,97
G,95
G,85
G,8
G,90
G,11
G,85
G,5
G,94
G,69
G,86
G,16
G,77
G,43
G,93
G,64
G,95
G,0
G,30
G,13
G,42
G,40
G,33
G,37
G,60
G,43
G,5
G,65
G,63
G,76
G,42
G,21
G,3
G,73
G,37
G,65
G,90
G,99
G,10
G,69
G,21
G,25
G,62
G,12
G,37
G,7
G,37
G,11
G,50
G,49
G,94
G,74
G,74
G,82
G,63
G,59
G,12
G,24
G,99
G,1
G,21
G,97
G,42
G,60
G,51
G,1
G,97
G,98
G,31
G,31
G,57
G,74
G,53
G,18
G,89
G,65
G,39
G,83
G,97
G,36
G,47
G,83
G,67
G,76
G,24
G,58
G,34
G,13
G,8
G,87
G,81
G,43
G,34
G,3
G,45
G,68
G,51
G,12
G,20
G,36
G,82
G,84
G,80
G,99
G,78
G,94
G,43
G,58
G,89
G,7
G,35
G,12
G,33
G,48
G,66
G,60
G,13
G,20
G,24
G,13
G,68
G,19
G,83
G,75
G,60
G,14
G,15
G,16
G,23
G,79
G,67
G,70
G,53
G,88
G,74
G,96
G,48
G,12
H,92
H,78
H,56
H,55
H,79
H,7
H,7
H,45
H,89
H,39
H,36
H,10
H,53
H,15
H,39
H,41
H,56
H,66
H,59
H,30
H,16
H,75
H,8
H,4
H,8
H,73
H,46
H,17
H,21
H,97
H,31
H,72
H,69
H,65
H,4
H,55
H,41
H,75
H,18
H,20
H,30
H,19
H,62
H,94
H,47
H,73
H,57
H,7
H,86
H,91
H,48
H,10
H,62
H,92
H,3
H,6
H,60
H,66
H,53
H,27
H,13
H,21
H,48
H,47
H,50
H,76
H,78
H,39
H,93
H,67
H,24
H,1
H,7
H,20
H,82
H,44
H,71
H,6
H,94
H,56
H,2
H,60
H,94
H,6
H,68
H,23
H,61
H,14
H,86
H,70
H,59
H,39
H,88
H,7
H,26
H,39
H,40
H,79
H,46
H,35
H,32
H,48
H,83
H,31
H,12
H,23
H,30
H,4
H,23
H,30
H,45
H,98
H,61
H,100
H,20
H,54
H,71
H,45
H,20
H,88
H,46
H,87
H,55
H,49
H,85
H,31
H,99
H,92
H,48
H,72
H,65
H,55
H,98
H,20
H,72
H,42
H,96
H,85
H,61
H,21
H,58
H,28
H,34
H,64
H,12
H,67
H,42
H,86
H,44
H,57
H,12
H,51
H,97
H,79
H,41
H,46
H,37
H,9
H,51
H,12
H,29
H,74
H,93
H,32
H,19
H,32
H,77
H,68
H,83
H,60
H,36
H,49
H,30
H,5
H,41
H,29
H,81
H,100
H,42
H,45
H,35
H,93
H,76
H,38
H,49
H,3
H,13
H,1
H,45
H,98
H,76
H,46
H,13
H,0
H,49
H,56
H,78
H,84
H,8
H,44
H,94
H,21
H,93
H,42
H,67
H,6
H,37
H,72
H,66
H,67
H,55
H,63
H,44
H,80
H,80
H,56
H,20
H,51
H,87
H,66
H,11
H,67
H,67
H,55
H,74
H,14
H,61
H,97
H,16
H,11
H,11
H,18
H,53
H,50
H,91
H,43
H,22
H,75
H,87
H,94
H,13
H,90
H,89
H,91
H,98
H,42
H,80
H,57
H,14
H,14
H,22
H,54
H,45
H,91
H,7
H,68
H,57
H,70
H,66
H,50
H,44
H,15
H,51
H,100
H,41
H,28
H,96
H,13
H,1
H,57
H,0
H,83
H,94
H,44
H,63
H,14
H,21
H,85
H,29
H,77
H,41
H,21
H,34
H,65
H,35
H,67
H,92
H,94
H,96
H,36
H,38
H,3
H,84
H,81
H,36
H,12
H,8
H,88
H,23
H,61
H,13
H,11
H,88
H,9
H,80
H,5
H,24
H,7
H,26
H,74
H,64
H,25
H,46
H,3
H,12
H,88
H,76
H,23
H,50
H,74
H,39
H,69
H,94
H,32
H,93
H,73
H,55
H,62
H,17
H,77
H,62
H,85
H,15
H,62
H,43
H,71
H,35
H,67
H,21
H,49
H,3
H,97
H,88
H,89
H,25
H,51
H,59
H,97
H,26
H,93
H,71
H,97
H,4
H,5
H,64
H,95
H,17
H,90
H,43
H,79
H,16
H,99
H,44
H,63
H,51
H,19
H,11
H,11
H,77
H,62
H,42
H,6
H,18
H,17
H,33
H,29
H,85
H,53
H,4
H,82
H,83
H,100
H,40
H,52
H,77
H,86
H,13
H,96
H,40
H,5
H,85
H,49
H,93
H,67
H,3
H,81
H,88
H,88
H,78
H,19
H,30
H,30
H,61
H,83
H,69
H,37
H,43
H,10
H,28
H,54
H,96
H,18
H,27
H,97
H,16
H,29
H,62
H,45
H,96
H,5
H,37
H,77
H,0
H,35
H,91
H,93
H,87
H,93
H,94
H,78
H,46
H,18
H,42
H,50
H,16
H,6
H,41
H,49
H,58
H,45
H,9
H,66
H,73
H,85
H,86
H,95
H,54
H,44
H,33
H,62
H,2
H,8
H,23
H,93
H,11
H,50
H,45
H,23
H,44
H,15
H,43
H,41
H,47
H,12
H,92
H,92
H,1
H,71
H,6
H,15
H,34
H,80
H,46
H,60
H,56
H,81
H,0
H,44
H,88
H,58
H,43
H,19
H,73
H,22
H,91
H,68
H,84
H,61
H,83
H,43
H,53
H,52
H,59
H,30
H,66
H,66
H,82
H,56
H,74
H,17
H,2
H,88
H,28
H,54
H,71
H,46
H,66
H,93
H,53
H,27
H,30
H,86
H,38
H,25
H,15
H,1
H,98
H,1
H,96
H,32
H,68
H,26
H,92
H,47
H,3
H,5
H,86
H,28
H,92
H,69
H,69
H,70
H,12
H,39
H,81
H,38
H,58
H,36
H,26
H,43
H,100
H,67
H,14
H,51
H,95
H,30
H,81
H,94
H,5
H,89
H,30
H,55
H,63
H,54
H,78
H,68
H,57
H,3
H,50
H,33
H,27
H,92
H,51
H,6
H,22
H,32
H,68
H,40
H,32
H,47
H,25
H,72
H,98
H,97
H,3
H,77
H,95
H,29
H,60
H,15
H,13
H,44
H,80
H,22
H,1
H,88
H,58
H,97
H,82
H,72
H,15
H,20
H,88
H,1
H,30
H,85
H,45
H,46
H,8
H,86
H,81
H,38
H,97
H,22
H,19
H,42
H,73
H,20
H,53
H,37
H,0
H,14
H,69
H,2
H,12
H,85
H,3
H,40
H,56
H,99
H,62
H,26
H,74
H,42
H,1
H,33
H,0
H,28
H,54
H,7
H,38
H,18
H,57
H,23
H,37
H,50
H,67
H,73
H,47
H,61
H,28
H,5
H,90
H,40
H,45
H,52
H,2
H,60
H,3
H,74
H,75
H,88
H,20
H,47
H,2
H,66
H,29
H,57
H,20
H,31
H,80
H,10
H,72
H,21
H,91
H,92
H,30
H,95
H,4
H,11
H,84
H,16
H,64
H,88
H,57
H,20
H,88
H,64
H,90
H,75
H,18
H,21
H,85
H,30
H,72
H,0
H,48
H,66
H,47
H,64
H,21
H,27
H,32
H,21
H,7
H,82
H,23
H,90
H,29
H,84
H,36
H,23
H,81
H,17
H,67
H,9
H,94
H,66
H,41
H,99
H,13
H,29
H,85
H,38
H,64
H,44
H,61
H,15
H,8
H,93
H,65
H,49
H,1
H,10
H,3
H,93
H,39
H,78
H,64
H,67
H,86
H,64
H,16
H,32
H,91
H,74
H,50
H,74
H,54
H,3
H,17
H,11
H,48
H,21
H,32
H,79
H,84
H,35
H,22
H,39
H,91
H,79
H,2
H,2
H,27
H,84
H,56
H,26
H,20
H,63
H,74
H,49
H,18
H,95
H,35
H,83
H,41
H,96
H,78
H,6
H,43
H,52
H,62
H,43
H,44
H,48
H,93
H,76
H,15
H,43
H,78
H,22
H,81
H,29
H,88
H,94
H,85
H,61
H,19
H,37
H,29
H,89
H,41
H,80
H,25
H,92
H,54
H,12
H,0
H,68
H,79
H,97
H,49
H,1
H,68
H,53
H,45
H,64
H,50
H,95
H,28
H,44
H,2
H,58
H,35
H,16
H,17
H,12
H,69
H,17
H,57
H,13
H,61
H,15
H,97
H,9
H,13
H,67
H,45
H,25
H,79
H,78
H,74
H,10
H,27
H,89
H,63
H,35
H,9
H,95
H,54
H,31
H,42
H,35
H,63
H,16
H,65
H,1
H,43
H,10
H,23
H,33
H,99
H,68
H,60
H,83
H,66
H,35
H,23
H,27
H,67
H,78
H,37
H,47
H,55
H,74
H,64
H,19
H,98
H,9
H,27
H,18
H,13
H,22
H,29
H,58
H,22
H,65
H,89
H,76
H,59
H,39
H,80
H,69
H,49
H,22
H,74
H,22
H,21
H,37
H,92
H,75
H,53
H,69
H,87
H,72
H,42
H,99
H,50
H,41
H,5
H,25
H,69
H,19
H,48
H,4
H,86
H,13
H,25
H,47
H,24
H,92
H,19
H,66
H,5
H,66
H,35
H,23
H,78
H,67
H,83
H,5
H,99
H,90
H,52
H,92
H,14
H,42
H,44
H,62
H,93
H,73
H,66
H,62
H,19
H,58
H,99
H,14
H,8
H,60
H,1
H,40
H,19
H,71
H,36
H,41
H,34
H,38
H,92
H,5
H,72
H,81
H,98
H,98
H,6
H,60
H,67
H,36
H,69
H,12
H,86
H,64
H,86
H,75
H,50
H,43
H,97
H,10
H,6
H,66
H,70
H,50
H,32
H,76
H,99
H,60
H,77
H,72
H,58
H,77
H,19
H,52
H,98
H,1
H,70
H,6
H,34
H,61
H,85
H,55
H,43
H,91
H,82
H,75
H,80
H,4
H,74
H,44
H,49
H,91
I,26
I,14
I,3
I,57
I,10
I,62
I,83
I,38
I,30
I,73
I,8
I,3
I,54
I,76
I,21
I,24
I,76
I,80
I,20
I,43
I,56
I,78
I,76
I,73
I,47
I,5
I,20
I,87
I,12
I,29
I,87
I,47
I,26
I,73
I,54
I,2
I,0
I,23
I,79
I,2
I,73
I,49
I,77
I,58
I,2
I,81
I,61
I,12
I,4
I,78
I,42
I,53
I,39
I,58
I,54
I,4
I,43
I,26
I,25
I,81
I,95
I,34
I,0
I,88
I,87
I,36
I,7
I,76
I,94
I,79
I,15
I,93
I,29
I,77
I,97
I,16
I,52
I,15
I,78
I,46
I,28
I,82
I,36
I,24
I,22
I,34
I,62
I,87
I,66
I,41
I,19
I,89
I,0
I,57
I,75
I,20
I,4
I,39
I,15
I,44
I,28
I,85
I,1
I,0
I,5
I,24
I,96
I,55
I,70
I,88
I,39
I,23
I,52
I,90
I,11
I,20
I,65
I,84
I,59
I,41
I,42
I,14
I,3
I,68
I,43
I,57
I,32
I,75
I,87
I,33
I,11
I,66
I,41
I,43
I,65
I,33
I,32
I,98
I,28
I,50
I,51
I,81
I,58
I,8
I,19
I,93
I,92
I,3
I,18
I,35
I,92
I,28
I,86
I,54
I,95
I,20
I,77
I,38
I,85
I,76
I,91
I,33
I,48
I,77
I,29
I,38
I,66
I,93
I,76
I,81
I,100
I,87
I,39
I,63
I,51
I,72
I,82
I,89
I,63
I,83
I,80
I,29
I,89
I,38
I,66
I,67
I,70
I,100
I,1
I,87
I,93
I,38
I,21
I,56
I,14
I,74
I,63
I,99
I,68
I,57
I,65
I,90
I,44
I,66
I,18
I,8
I,43
I,97
I,1
I,79
I,87
I,87
I,24
I,52
I,26
I,84
I,77
I,38
I,95
I,26
I,66
I,59
I,40
I,47
I,96
I,35
I,78
I,51
I,27
I,44
I,12
I,3
I,3
I,95
I,2
I,38
I,66
I,75
I,68
I,82
I,20
I,60
I,21
I,7
I,29
I,41
I,34
I,70
I,35
I,85
I,45
I,8
I,96
I,83
I,61
I,17
I,23
I,92
I,34
I,84
I,7
I,98
I,28
I,72
I,55
I,97
I,22
I,44
I,75
I,35
I,9
I,23
I,35
I,59
I,52
I,83
I,38
I,84
I,97
I,52
I,91
I,41
I,77
I,90
I,27
I,44
I,5
I,76
I,62
I,38
I,29
I,86
I,26
I,82
I,99
I,93
I,16
I,43
I,17
I,36
I,5
I,57
I,3
I,12
I,53
I,93
I,41
I,72
I,65
I,13
I,46
I,11
I,93
I,66
I,87
I,92
I,25
I,28
I,34
I,20
I,88
I,23
I,40
I,61
I,100
I,45
I,88
I,22
I,13
I,8
I,42
I,93
I,62
I,32
I,27
I,13
I,27
I,37
I,83
I,9
I,17
I,65
I,62
I,85
I,74
I,73
I,15
I,59
I,56
I,30
I,50
I,68
I,25
I,79
I,65
I,15
I,38
I,57
I,66
I,12
I,79
I,26
I,32
I,40
I,55
I,54
I,40
I,97
I,62
I,2
I,18
I,61
I,9
I,46
I,57
I,71
I,41
I,40
I,44
I,16
I,63
I,70
I,23
I,99
I,97
I,2
I,1
I,90
I,51
I,99
I,80
I,80
I,19
I,64
I,90
I,43
I,64
I,61
I,0
I,34
I,65
I,9
I,17
I,75
I,61
I,23
I,30
I,56
I,76
I,89
I,55
I,79
I,44
I,36
I,68
I,18
I,3
I,19
I,29
I,10
I,100
I,71
I,50
I,97
I,76
I,100
I,70
I,16
I,48
I,75
I,76
I,43
I,96
I,28
I,5
I,81
I,91
I,57
I,39
I,64
I,61
I,13
I,78
I,73
I,87
I,39
I,41
I,27
I,95
I,56
I,30
I,87
I,76
I,93
I,76
I,70
I,12
I,41
I,20
I,90
I,19
I,21
I,51
I,55
I,57
I,38
I,42
I,9
I,35
I,21
I,35
I,17
I,32
I,44
I,61
I,92
I,30
I,1
I,56
I,79
I,73
I,60
I,87
I,29
I,71
I,2
I,76
I,95
I,67
I,19
I,56
I,38
I,44
I,96
I,89
I,19
I,76
I,53
I,26
I,1
I,75
I,63
I,0
I,38
I,49
I,30
I,42
I,77
I,57
I,24
I,68
I,74
I,82
I,22
I,2
I,91
I,70
I,58
I,42
I,0
I,14
I,67
I,65
I,26
I,66
I,7
I,39
I,49
I,50
I,52
I,63
I,43
I,83
I,67
I,6
I,22
I,58
I,18
I,77
I,1
I,33
I,64
I,2
I,11
I,2
I,59
I,23
I,11
I,69
I,44
I,20
I,28
I,82
I,54
I,3
I,53
I,27
I,5
I,16
I,44
I,68
I,15
I,63
I,10
I,10
I,26
I,79
I,2
I,84
I,39
I,57
I,95
I,65
I,1
I,40
I,15
I,52
I,5
I,52
I,41
I,68
I,6
I,84
I,90
I,38
I,43
I,19
I,60
I,68
I,25
I,32
I,0
I,9
I,66
I,13
I,61
I,28
I,26
I,4
I,85
I,80
I,68
I,24
I,6
I,76
I,3
I,65
I,79
I,96
I,41
I,77
I,78
I,88
I,32
I,50
I,39
I,36
I,3
I,33
I,87
I,78
I,61
I,95
I,61
I,70
I,67
I,69
I,34
I,8
I,10
I,80
I,49
I,40
I,92
I,84
I,55
I,11
I,70
I,70
I,55
I,81
I,22
I,43
I,35
I,17
I,17
I,6
I,73
I,11
I,57
I,90
I,75
I,73
I,53
I,65
I,76
I,33
I,54
I,9
I,3
I,89
I,39
I,80
I,76
I,55
I,98
I,73
I,46
I,89
I,54
I,7
I,23
I,35
I,88
I,18
I,33
I,39
I,36
I,87
I,18
I,69
I,52
I,94
I,98
I,12
I,43
I,96
I,64
I,84
I,27
I,65
I,64
I,64
I,40
I,34
I,95
I,99
I,53
I,44
I,54
I,17
I,40
I,48
I,26
I,57
I,28
I,56
I,68
I,24
I,54
I,66
I,63
I,69
I,18
I,53
I,33
I,85
I,19
I,7
I,64
I,79
I,65
I,51
I,7
I,63
I,94
I,34
I,43
I,41
I,16
I,86
I,30
I,59
I,80
I,56
I,42
I,24
I,4
I,92
I,70
I,56
I,4
I,21
I,28
I,1
I,1
I,16
I,44
I,22
I,28
I,28
I,26
I,22
I,49
I,91
I,50
I,77
I,13
I,74
I,23
I,11
I,73
I,12
I,7
I,46
I,83
I,17
I,91
I,44
I,98
I,22
I,84
I,61
I,48
I,96
I,68
I,58
I,76
I,72
I,39
I,61
I,94
I,83
I,62
I,31
I,60
I,83
I,54
I,32
I,6
I,29
I,16
I,96
I,18
I,32
I,26
I,83
I,78
I,34
I,67
I,26
I,100
I,77
I,92
I,43
I,49
I,39
I,69
I,61
I,15
I,20
I,65
I,48
I,62
I,38
I,97
I,4
I,55
I,18
I,81
I,31
I,0
I,23
I,71
I,19
I,24
I,96
I,63
I,77
I,98
I,58
I,68
I,51
I,70
I,99
I,12
I,36
I,28
I,76
I,39
I,35
I,91
I,28
I,23
I,64
I,34
I,0
I,5
I,99
I,2
I,60
I,24
I,4
I,5
I,98
I,91
I,7
I,18
I,96
I,79
I,62
I,78
I,94
I,33
I,31
I,5
I,60
I,57
I,26
I,16
I,31
I,74
I,17
I,73
I,4
I,82
I,73
I,3
I,28
I,23
I,13
I,77
I,67
I,84
I,8
I,69
I,48
I,85
I,56
I,73
I,9
I,73
I,7
I,64
I,64
I,38
I,67
I,64
I,25
I,20
I,73
I,95
I,58
I,76
I,47
I,6
I,69
I,81
I,62
I,90
I,66
I,2
I,44
I,44
I,83
I,16
I,39
I,13
I,93
I,39
I,65
I,38
I,76
I,64
I,66
I,40
I,47
I,11
I,29
I,22
I,11
I,50
I,34
I,33
I,15
I,75
I,86
I,19
I,66
I,64
I,74
I,23
I,13
I,98
I,67
I,88
I,27
I,11
I,62
I,46
I,61
I,33
I,86
I,22
I,86
I,79
I,82
I,33
I,64
I,55
I,51
I,7
I,29
I,84
I,97
I,7
I,7
I,43
I,60
I,72
I,75
I,86
I,94
I,53
I,33
I,65
I,52
I,11
I,42
I,90
I,74
I,18
I,26
I,94
I,56
I,12
I,50
I,21
I,40
I,40
I,0
I,77
I,74
I,13
I,91
I,56
I,89
I,45
I,5
I,10
J,66
J,53
J,30
J,99
J,32
J,79
J,40
J,20
J,8
J,69
J,87
J,2
J,86
J,57
J,84
J,7
J,67
J,70
J,46
J,89
J,45
J,8
J,62
J,20
J,21
J,20
J,61
J,83
J,25
J,99
J,8
J,47
J,46
J,52
J,74
J,53
J,18
J,50
J,6
J,29
J,94
J,31
J,53
J,75
J,48
J,48
J,93
J,92
J,96
J,53
J,73
J,87
J,37
J,14
J,78
J,97
J,62
J,61
J,75
J,82
J,55
J,62
J,14
J,67
J,43
J,43
J,17
J,47
J,38
J,14
J,87
J,39
J,30
J,6
J,75
J,81
J,68
J,39
J,70
J,85
J,22
J,61
J,19
J,26
J,25
J,82
J,99
J,1
J,66
J,58
J,80
J,50
J,10
J,58
J,51
J,83
J,56
J,94
J,2
J,74
J,7
J,77
J,92
J,38
J,37
J,44
J,97
J,83
J,93
J,75
J,98
J,77
J,36
J,22
J,1
J,71
J,33
J,50
J,10
J,39
J,2
J,1
J,15
J,61
J,0
J,72
J,82
J,38
J,97
J,43
J,80
J,57
J,47
J,65
J,87
J,78
J,51
J,79
J,99
J,45
J,8
J,97
J,87
J,53
J,81
J,41
J,36
J,86
J,4
J,80
J,18
J,88
J,87
J,38
J,1
J,29
J,92
J,18
J,42
J,16
J,59
J,70
J,64
J,39
J,65
J,31
J,51
J,37
J,42
J,51
J,10
J,16
J,32
J,60
J,50
J,41
J,91
J,9
J,74
J,1
J,87
J,19
J,95
J,10
J,33
J,12
J,89
J,5
J,62
J,52
J,28
J,29
J,24
J,10
J,49
J,92
J,88
J,38
J,33
J,46
J,19
J,88
J,56
J,26
J,28
J,75
J,69
J,41
J,96
J,42
J,5
J,82
J,45
J,41
J,100
J,93
J,2
J,29
J,64
J,24
J,60
J,9
J,75
J,42
J,16
J,30
J,96
J,54
J,90
J,33
J,33
J,72
J,43
J,0
J,75
J,19
J,62
J,60
J,90
J,24
J,71
J,32
J,24
J,42
J,50
J,12
J,27
J,56
J,70
J,2
J,89
J,89
J,99
J,56
J,4
J,56
J,48
J,99
J,51
J,69
J,14
J,20
J,57
J,61
J,99
J,95
J,94
J,8
J,57
J,27
J,81
J,15
J,19
J,24
J,100
J,5
J,51
J,85
J,43
J,16
J,23
J,15
J,42
J,51
J,30
J,89
J,60
J,43
J,32
J,28
J,99
J,68
J,88
J,28
J,44
J,83
J,97
J,83
J,52
J,36
J,39
J,44
J,8
J,66
J,74
J,1
J,68
J,49
J,28
J,28
J,40
J,23
J,88
J,67
J,59
J,77
J,34
J,31
J,46
J,20
J,91
J,53
J,21
J,42
J,77
J,46
J,88
J,23
J,34
J,76
J,0
J,87
J,5
J,99
J,15
J,61
J,75
J,57
J,54
J,9
J,22
J,12
J,31
J,57
J,100
J,7
J,33
J,5
J,1
J,46
J,16
J,40
J,40
J,86
J,44
J,3
J,2
J,95
J,19
J,76
J,86
J,30
J,96
J,89
J,0
J,95
J,26
J,95
J,66
J,46
J,2
J,16
J,91
J,98
J,40
J,67
J,86
J,70
J,88
J,95
J,68
J,77
J,39
J,100
J,23
J,34
J,63
J,95
J,77
J,6
J,48
J,83
J,5
J,17
J,13
J,69
J,71
J,97
J,11
J,57
J,87
J,83
J,19
J,73
J,86
J,15
J,2
J,97
J,43
J,32
J,2
J,25
J,65
J,39
J,11
J,11
J,93
J,98
J,86
J,35
J,48
J,24
J,71
J,99
J,28
J,17
J,4
J,3
J,50
J,97
J,5
J,22
J,25
J,72
J,92
J,25
J,47
J,37
J,46
J,34
J,80
J,43
J,79
J,100
J,32
J,18
J,95
J,38
J,16
J,14
J,59
J,68
J,49
J,39
J,66
J,51
J,53
J,20
J,10
J,83
J,95
J,54
J,16
J,20
J,85
J,76
J,83
J,65
J,94
J,27
J,92
J,99
J,14
J,62
J,32
J,52
J,92
J,73
J,74
J,35
J,19
J,97
J,54
J,35
J,11
J,16
J,61
J,56
J,49
J,50
J,29
J,42
J,90
J,87
J,50
J,19
J,39
J,96
J,65
J,99
J,78
J,23
J,26
J,36
J,60
J,84
J,10
J,46
J,64
J,65
J,28
J,3
J,86
J,91
J,61
J,10
J,90
J,39
J,61
J,78
J,4
J,64
J,25
J,59
J,32
J,100
J,56
J,92
J,8
J,14
J,68
J,91
J,52
J,89
J,83
J,1
J,62
J,85
J,22
J,80
J,38
J,67
J,59
J,47
J,97
J,40
J,28
J,38
J,94
J,88
J,87
J,94
J,97
J,56
J,31
J,88
J,93
J,27
J,49
J,54
J,9
J,50
J,37
J,60
J,73
J,61
J,68
J,65
J,68
J,25
J,23
J,59
J,34
J,38
J,1
J,99
J,80
J,65
J,60
J,5
J,38
J,23
J,2
J,42
J,86
J,8
J,17
J,38
J,10
J,68
J,82
J,15
J,21
J,92
J,73
J,8
J,7
J,63
J,66
J,67
J,9
J,50
J,35
J,62
J,63
J,39
J,28
J,61
J,67
J,94
J,78
J,84
J,98
J,25
J,67
J,7
J,97
J,84
J,63
J,34
J,10
J,97
J,65
J,87
J,49
J,47
J,3
J,64
J,41
J,28
J,28
J,4
J,16
J,38
J,44
J,57
J,40
J,33
J,98
J,25
J,18
J,64
J,59
J,56
J,13
J,78
J,92
J,65
J,35
J,53
J,22
J,69
J,100
J,72
J,30
J,10
J,45
J,77
J,60
J,59
J,77
J,70
J,6
J,18
J,56
J,0
J,38
J,88
J,16
J,92
J,19
J,15
J,53
J,14
J,45
J,69
J,76
J,34
J,40
J,82
J,8
J,49
J,64
J,74
J,54
J,79
J,95
J,73
J,6
J,4
J,56
J,9
J,56
J,52
J,57
J,67
J,70
J,86
J,87
J,55
J,91
J,7
J,71
J,91
J,40
J,41
J,98
J,30
J,41
J,93
J,84
J,42
J,56
J,98
J,15
J,15
J,70
J,89
J,66
J,91
J,4
J,2
J,47
J,62
J,94
J,85
J,8
J,51
J,68
J,91
J,74
J,61
J,65
J,56
J,89
J,89
J,62
J,86
J,68
J,62
J,77
J,63
J,88
J,7
J,77
J,85
J,16
J,75
J,84
J,98
J,63
J,2
J,42
J,78
J,69
J,28
J,93
J,52
J,88
J,26
J,24
J,74
J,84
J,29
J,6
J,35
J,26
J,88
J,5
J,8
J,33
J,69
J,72
J,37
J,100
J,78
J,34
J,31
J,19
J,23
J,33
J,99
J,69
J,95
J,98
J,28
J,52
J,100
J,55
J,57
J,69
J,67
J,14
J,100
J,82
J,90
J,42
J,13
J,96
J,21
J,92
J,82
J,74
J,81
J,27
J,12
J,41
J,68
J,63
J,25
J,42
J,51
J,100
J,65
J,13
J,8
J,89
J,18
J,90
J,52
J,72
J,46
J,52
J,14
J,93
J,79
J,26
J,64
J,55
J,89
J,83
J,32
J,90
J,64
J,34
J,80
J,52
J,55
J,18
J,39
J,16
J,6
J,13
J,21
J,96
J,96
J,36
J,57
J,78
J,23
J,72
J,14
J,62
J,7
J,0
J,11
J,74
J,75
J,28
J,39
J,25
J,55
J,16
J,20
J,14
J,85
J,70
J,80
J,75
J,26
J,87
J,2
J,10
J,23
J,72
J,4
J,97
J,83
J,8
J,76
J,26
J,71
J,29
J,87
J,2
J,2
J,21
J,19
J,100
J,76
J,6
J,87
J,25
J,44
J,12
J,26
J,42
J,51
J,17
J,41
J,33
J,29
J,86
J,59
J,1
J,9
J,98
J,67
J,53
J,11
J,93
J,100
J,66
J,38
J,72
J,87
J,70
J,66
J,0
J,29
J,79
J,0
J,29
J,11
J,40
J,89
J,79
J,58
J,60
J,37
J,82
J,18
J,100
J,47
J,51
J,8
J,98
J,3
J,77
J,11
J,40
J,23
J,13
J,61
J,10
J,33
J,40
J,34
J,21
J,47
J,95
J,81
J,59
J,47
J,33
J,82
J,84
J,27
J,36
J,1
J,84
J,64
J,30
J,63
J,91
J,94
J,30
J,76
J,44
J,52
J,88
J,91
J,76
J,95
J,35
J,63
J,5
J,74
J,52
J,1
J,33
J,58
J,2
J,17
J,35
J,64
J,1
J,23
J,98
J,31
J,7
J,91
J,21
J,60
J,95
J,67
J,79
J,84
J,8
J,58
